epoch,step_num,score,agent_lr,agent_er,ma_loss
0.0,91.0,-5.0,0.0001,1.0,0.008167230571456418
1.0,71.0,-5.0,9.900000000000001e-05,0.95,0.005034189921389043
2.0,52.0,-5.0,9.801e-05,0.9025,0.003912556046998361
3.0,38.0,-5.0,9.70299e-05,0.8573749999999999,0.002903541403611598
4.0,107.0,-5.0,9.6059601e-05,0.8145062499999999,0.0021819694934492873
5.0,74.0,-5.0,9.509900499e-05,0.7737809374999998,0.002576720080924133
6.0,31.0,-5.0,9.41480149401e-05,0.7350918906249998,0.002627708516229177
7.0,35.0,-5.0,9.320653479069899e-05,0.6983372960937497,0.002259841221075476
8.0,33.0,-5.0,9.227446944279202e-05,0.6634204312890623,0.0018502250691199151
9.0,71.0,-5.0,9.135172474836409e-05,0.6302494097246091,0.0025362764927194803
10.0,58.0,-5.0,9.043820750088044e-05,0.5987369392383787,0.0027691963559846045
11.0,45.0,-5.0,8.953382542587164e-05,0.5688000922764597,0.0020321841561781184
12.0,45.0,-5.0,8.863848717161293e-05,0.5403600876626367,0.0017793010219975258
13.0,52.0,-5.0,8.77521022998968e-05,0.5133420832795048,0.0022671845813420077
14.0,59.0,-5.0,8.687458127689783e-05,0.48767497911552954,0.002530573669446312
15.0,79.0,-5.0,8.600583546412884e-05,0.46329123015975304,0.0019271167570877878
16.0,49.0,-5.0,8.514577710948756e-05,0.44012666865176536,0.0018103154548043676
17.0,194.0,-5.0,8.429431933839267e-05,0.4181203352191771,0.0023891191613074625
18.0,54.0,-5.0,8.345137614500875e-05,0.3972143184582182,0.00240511067204352
19.0,93.0,-5.0,8.261686238355867e-05,0.37735360253530725,0.0023103360244931537
20.0,42.0,-5.0,8.179069375972308e-05,0.3584859224085419,0.0021739053718192736
21.0,62.0,-5.0,8.097278682212584e-05,0.3405616262881148,0.0031754297351653804
22.0,48.0,-5.0,8.01630589539046e-05,0.323533544973709,0.0035890076469513588
23.0,252.0,-5.0,7.936142836436555e-05,0.3073568677250236,0.002550751492890413
24.0,89.0,-5.0,7.856781408072188e-05,0.2919890243387724,0.002380682254624844
25.0,32.0,-5.0,7.778213593991467e-05,0.27738957312183377,0.0031305071815950214
26.0,59.0,-5.0,7.700431458051551e-05,0.26352009446574204,0.003670875878924562
27.0,136.0,-5.0,7.623427143471036e-05,0.2503440897424549,0.0030146380568112363
28.0,172.0,-5.0,7.547192872036326e-05,0.23782688525533216,0.0027034860731873778
29.0,40.0,-5.0,7.471720943315961e-05,0.22593554099256555,0.003469046237114526
30.0,46.0,-5.0,7.397003733882802e-05,0.21463876394293727,0.0039519760002804105
31.0,48.0,5.0,7.323033696543975e-05,0.2039068257457904,0.004025734803690284
32.0,164.0,-5.0,7.249803359578534e-05,0.19371148445850087,0.003036566368791682
33.0,51.0,5.0,7.177305325982749e-05,0.18402591023557582,0.003852636369629181
34.0,75.0,5.0,7.105532272722921e-05,0.174824614723797,0.004217609517581877
35.0,84.0,5.0,7.034476949995692e-05,0.16608338398760716,0.003140427868856932
36.0,55.0,-5.0,6.964132180495735e-05,0.1577792147882268,0.0030203726219042437
37.0,122.0,5.0,6.894490858690777e-05,0.14989025404881545,0.004558397580694873
38.0,61.0,5.0,6.82554595010387e-05,0.14239574134637467,0.003914492095645983
39.0,66.0,5.0,6.75729049060283e-05,0.13527595427905592,0.003464428735242109
40.0,99.0,5.0,6.689717585696803e-05,0.12851215656510312,0.0032137439420694136
41.0,67.0,5.0,6.622820409839836e-05,0.12208654873684796,0.004358760154900665
42.0,82.0,5.0,6.556592205741436e-05,0.11598222130000556,0.0041950562726924545
43.0,48.0,5.0,6.491026283684022e-05,0.11018311023500528,0.003689763567308546
44.0,66.0,5.0,6.426116020847181e-05,0.10467395472325501,0.003449181607720675
45.0,59.0,5.0,6.36185486063871e-05,0.09944025698709225,0.00446395892140572
46.0,68.0,5.0,6.298236312032323e-05,0.09446824413773763,0.004923822827549884
47.0,63.0,5.0,6.235253948912e-05,0.08974483193085075,0.003989032777099055
48.0,48.0,5.0,6.17290140942288e-05,0.0852575903343082,0.003750565832888242
49.0,80.0,5.0,6.11117239532865e-05,0.0809947108175928,0.00461728367190517
50.0,85.0,5.0,6.050060671375364e-05,0.07694497527671315,0.004205987191198801
51.0,57.0,5.0,5.98956006466161e-05,0.07309772651287749,0.0037464237293534097
52.0,41.0,5.0,5.9296644640149945e-05,0.06944284018723361,0.003750887872229214
53.0,118.0,5.0,5.8703678193748444e-05,0.06597069817787193,0.0048379634235971025
54.0,41.0,5.0,5.811664141181096e-05,0.06267216326897833,0.004490500451538537
55.0,48.0,5.0,5.753547499769285e-05,0.05953855510552941,0.004250853726261994
56.0,63.0,5.0,5.696012024771592e-05,0.056561627350252934,0.004187966748759209
57.0,102.0,5.0,5.6390519045238756e-05,0.053733545982740286,0.004941718478221446
58.0,103.0,5.0,5.582661385478637e-05,0.051046868683603266,0.0041250944832427194
59.0,80.0,5.0,5.526834771623851e-05,0.048494525249423104,0.003911995493581344
60.0,35.0,5.0,5.4715664239076124e-05,0.046069798986951946,0.003967402413763921
61.0,78.0,5.0,5.416850759668536e-05,0.043766309037604346,0.004926576561956608
62.0,83.0,5.0,5.36268225207185e-05,0.04157799358572413,0.004873063291597646
63.0,41.0,5.0,5.309055429551132e-05,0.03949909390643792,0.004546915908576921
64.0,61.0,5.0,5.25596487525562e-05,0.03752413921111602,0.004316195844694448
65.0,47.0,5.0,5.203405226503064e-05,0.03564793225056022,0.0050713348127828795
66.0,48.0,5.0,5.151371174238033e-05,0.033865535638032206,0.005531627663003746
67.0,45.0,5.0,5.0998574624956527e-05,0.03217225885613059,0.005391499078541528
68.0,44.0,5.0,5.048858887870697e-05,0.030563645913324063,0.004983153619832592
69.0,36.0,5.0,4.99837029899199e-05,0.02903546361765786,0.005155231901881052
70.0,41.0,5.0,4.94838659600207e-05,0.027583690436774964,0.00533966258262808
71.0,42.0,5.0,4.898902730042049e-05,0.026204505914936217,0.005504940882019582
72.0,38.0,5.0,4.849913702741629e-05,0.024894280619189402,0.005188789500607527
73.0,47.0,5.0,4.801414565714212e-05,0.023649566588229934,0.00534202083144919
74.0,50.0,5.0,4.75340042005707e-05,0.022467088258818435,0.005416253262410464
75.0,35.0,5.0,4.705866415856499e-05,0.02134373384587751,0.005539254240829905
76.0,44.0,5.0,4.658807751697934e-05,0.020276547153583634,0.005197841587687435
77.0,33.0,5.0,4.612219674180955e-05,0.01926271979590445,0.00539128157106461
78.0,47.0,5.0,4.5660974774391453e-05,0.01829958380610923,0.005408120981883258
79.0,57.0,5.0,4.5204365026647536e-05,0.017384604615803767,0.0051591680512501625
80.0,35.0,5.0,4.475232137638106e-05,0.01651537438501358,0.004988582410987874
81.0,53.0,5.0,4.430479816261725e-05,0.0156896056657629,0.005496882963598182
82.0,39.0,5.0,4.386175018099108e-05,0.014905125382474753,0.005570538597567065
83.0,44.0,5.0,4.342313267918117e-05,0.014159869113351015,0.005364283126255032
84.0,62.0,5.0,4.2988901352389356e-05,0.013451875657683464,0.00496248188210302
85.0,38.0,5.0,4.255901233886546e-05,0.012779281874799289,0.005305246937496122
86.0,57.0,5.0,4.2133422215476805e-05,0.012140317781059324,0.005476624453876866
87.0,76.0,5.0,4.171208799332204e-05,0.011533301892006357,0.005349056384147843
88.0,45.0,5.0,4.129496711338882e-05,0.01095663679740604,0.005196238229473238
89.0,51.0,5.0,4.088201744225493e-05,0.010408804957535737,0.005366420686186757
90.0,45.0,5.0,4.047319726783238e-05,0.01,0.005588856094618677
91.0,34.0,5.0,4.0068465295154053e-05,0.01,0.005621026919470751
92.0,36.0,5.0,3.966778064220251e-05,0.01,0.005350169200028176
93.0,33.0,5.0,3.927110283578049e-05,0.01,0.0056297548890142934
94.0,32.0,5.0,3.8878391807422684e-05,0.01,0.005745437138102716
95.0,38.0,5.0,3.8489607889348454e-05,0.01,0.005916357358728419
96.0,26.0,5.0,3.8104711810454966e-05,0.01,0.006000178764224984
97.0,27.0,5.0,3.772366469235042e-05,0.01,0.0060757916544389445
98.0,72.0,5.0,3.734642804542692e-05,0.01,0.005943463731455267
99.0,50.0,5.0,3.6972963764972645e-05,0.01,0.005664651913320995
100.0,28.0,5.0,3.6603234127322925e-05,0.01,0.005498849998730293
101.0,58.0,5.0,3.623720178604969e-05,0.01,0.005901441173591593
102.0,51.0,5.0,3.587482976818919e-05,0.01,0.006161546165458276
103.0,37.0,5.0,3.55160814705073e-05,0.01,0.0059786242454720195
104.0,46.0,5.0,3.516092065580223e-05,0.01,0.005794950735435123
105.0,34.0,5.0,3.48093114492442e-05,0.01,0.006011690444211126
106.0,75.0,5.0,3.446121833475176e-05,0.01,0.00628741620312212
107.0,32.0,5.0,3.411660615140425e-05,0.01,0.006220053230208578
108.0,44.0,5.0,3.3775440089890204e-05,0.01,0.005990705703879939
109.0,32.0,5.0,3.3437685688991296e-05,0.01,0.0061687423112744
110.0,53.0,5.0,3.310330883210139e-05,0.01,0.006327610997686861
111.0,43.0,5.0,3.277227574378037e-05,0.01,0.006430295894460869
112.0,55.0,5.0,3.244455298634257e-05,0.01,0.00583612298942171
113.0,49.0,5.0,3.2120107456479144e-05,0.01,0.0062140310983522795
114.0,38.0,5.0,3.179890638191435e-05,0.01,0.006407912584108999
115.0,66.0,5.0,3.1480917318095206e-05,0.01,0.006504616958409315
116.0,39.0,5.0,3.1166108144914254e-05,0.01,0.006284844734182116
117.0,43.0,5.0,3.085444706346511e-05,0.01,0.006524715634441236
118.0,45.0,5.0,3.054590259283046e-05,0.01,0.0065820450690807775
119.0,28.0,5.0,3.0240443566902154e-05,0.01,0.006576013856829377
120.0,36.0,5.0,2.9938039131233132e-05,0.01,0.006185448022733908
121.0,44.0,5.0,2.96386587399208e-05,0.01,0.006131036538135959
122.0,45.0,5.0,2.9342272152521593e-05,0.01,0.006439135693653952
123.0,46.0,5.0,2.9048849430996377e-05,0.01,0.006625657326367218
124.0,56.0,5.0,2.8758360936686414e-05,0.01,0.0063563498624716885
125.0,49.0,5.0,2.8470777327319547e-05,0.01,0.006391659029759467
126.0,53.0,5.0,2.818606955404635e-05,0.01,0.006608993380723405
127.0,38.0,5.0,2.7904208858505888e-05,0.01,0.006409968127627508
128.0,38.0,5.0,2.762516676992083e-05,0.01,0.006222951536983601
129.0,32.0,5.0,2.7348915102221623e-05,0.01,0.006355951774821733
130.0,48.0,5.0,2.7075425951199406e-05,0.01,0.0064819793587957975
131.0,46.0,5.0,2.680467169168741e-05,0.01,0.006620914926315891
132.0,51.0,5.0,2.6536624974770535e-05,0.01,0.006717198895785259
133.0,56.0,5.0,2.627125872502283e-05,0.01,0.007082835461915238
134.0,36.0,5.0,2.6008546137772605e-05,0.01,0.006917875989529421
135.0,44.0,5.0,2.5748460676394877e-05,0.01,0.0067744378466159105
136.0,35.0,5.0,2.5490976069630928e-05,0.01,0.006673130850685993
137.0,47.0,5.0,2.523606630893462e-05,0.01,0.006826422166341217
138.0,37.0,5.0,2.498370564584527e-05,0.01,0.006828159863289329
139.0,53.0,5.0,2.473386858938682e-05,0.01,0.00694044283227413
140.0,36.0,5.0,2.448652990349295e-05,0.01,0.006654566082943347
141.0,39.0,5.0,2.424166460445802e-05,0.01,0.00708827353992092
142.0,58.0,5.0,2.399924795841344e-05,0.01,0.007024998318229336
143.0,38.0,5.0,2.3759255478829302e-05,0.01,0.007013950376858702
144.0,41.0,5.0,2.3521662924041014e-05,0.01,0.006708255290504894
145.0,68.0,5.0,2.3286446294800602e-05,0.01,0.007033238936855923
146.0,71.0,5.0,2.3053581831852596e-05,0.01,0.007022680594673147
147.0,51.0,5.0,2.282304601353407e-05,0.01,0.006976581940762117
148.0,36.0,5.0,2.259481555339873e-05,0.01,0.00690034315448429
149.0,70.0,5.0,2.236886739786474e-05,0.01,0.006870652292491286
150.0,41.0,5.0,2.2145178723886092e-05,0.01,0.007025138129392872
151.0,50.0,5.0,2.1923726936647233e-05,0.01,0.007194865818746621
152.0,63.0,5.0,2.1704489667280757e-05,0.01,0.0071570220698049525
153.0,41.0,5.0,2.148744477060795e-05,0.01,0.007349510000494774
154.0,55.0,5.0,2.1272570322901873e-05,0.01,0.007208050656117848
155.0,98.0,5.0,2.1059844619672853e-05,0.01,0.006888979251016281
156.0,45.0,5.0,2.0849246173476125e-05,0.01,0.006598529784241691
157.0,38.0,5.0,2.064075371174136e-05,0.01,0.006860114317532862
158.0,44.0,5.0,2.043434617462395e-05,0.01,0.007085354394803289
159.0,78.0,5.0,2.023000271287771e-05,0.01,0.00725325532584975
160.0,42.0,5.0,2.002770268574893e-05,0.01,0.007328161498662666
161.0,67.0,5.0,1.9827425658891444e-05,0.01,0.007769751546220505
162.0,47.0,5.0,1.9629151402302528e-05,0.01,0.007813648835508502
163.0,60.0,5.0,1.9432859888279504e-05,0.01,0.0075041213513031835
164.0,63.0,5.0,1.9238531289396708e-05,0.01,0.007328618379688123
165.0,40.0,5.0,1.904614597650274e-05,0.01,0.007592077603476355
166.0,52.0,5.0,1.885568451673771e-05,0.01,0.007812272277078591
167.0,37.0,5.0,1.8667127671570337e-05,0.01,0.008066874030191684
168.0,72.0,5.0,1.848045639485463e-05,0.01,0.007496737471228698
169.0,62.0,5.0,1.8295651830906085e-05,0.01,0.0074582569795893505
170.0,54.0,5.0,1.8112695312597025e-05,0.01,0.007819412388926139
171.0,65.0,5.0,1.7931568359471054e-05,0.01,0.007537509089161176
172.0,61.0,5.0,1.7752252675876345e-05,0.01,0.007293722926988266
173.0,46.0,5.0,1.757473014911758e-05,0.01,0.007650423985978705
174.0,65.0,5.0,1.7398982847626404e-05,0.01,0.0077844372081017355
175.0,37.0,5.0,1.722499301915014e-05,0.01,0.007670791712371283
176.0,33.0,5.0,1.7052743088958637e-05,0.01,0.007643778193596518
177.0,39.0,5.0,1.688221565806905e-05,0.01,0.0078176561401051
178.0,60.0,5.0,1.6713393501488363e-05,0.01,0.007825086737284437
179.0,45.0,5.0,1.6546259566473476e-05,0.01,0.007649880168173695
180.0,37.0,5.0,1.6380796970808743e-05,0.01,0.007451621773725492
181.0,53.0,5.0,1.6216989001100656e-05,0.01,0.007551260661784909
182.0,37.0,5.0,1.6054819111089648e-05,0.01,0.007687161925787223
183.0,51.0,5.0,1.5894270919978753e-05,0.01,0.007994748015335063
184.0,36.0,5.0,1.5735328210778963e-05,0.01,0.008010236568225082
185.0,51.0,5.0,1.5577974928671173e-05,0.01,0.008149824378051562
186.0,95.0,5.0,1.542219517938446e-05,0.01,0.007821970048098592
187.0,54.0,5.0,1.5267973227590617e-05,0.01,0.007653338801901555
188.0,36.0,5.0,1.5115293495314711e-05,0.01,0.0074747099224623526
189.0,53.0,5.0,1.4964140560361564e-05,0.01,0.007441049318003934
190.0,46.0,5.0,1.4814499154757947e-05,0.01,0.007515314280681196
191.0,30.0,5.0,1.4666354163210369e-05,0.01,0.00751528300861537
192.0,34.0,5.0,1.4519690621578264e-05,0.01,0.007542834489868255
193.0,50.0,5.0,1.437449371536248e-05,0.01,0.0077216833360580495
194.0,38.0,5.0,1.4230748778208858e-05,0.01,0.007683088864723686
195.0,57.0,5.0,1.4088441290426768e-05,0.01,0.007624115891303518
196.0,84.0,5.0,1.39475568775225e-05,0.01,0.007097863910530577
197.0,42.0,5.0,1.3808081308747276e-05,0.01,0.0071635808890277985
198.0,36.0,5.0,1.36700004956598e-05,0.01,0.007340717584156664
199.0,35.0,5.0,1.3533300490703205e-05,0.01,0.007369119026407134
200.0,46.0,5.0,1.3397967485796173e-05,0.01,0.007424106686812593
201.0,60.0,5.0,1.326398781093821e-05,0.01,0.007761404260236304
202.0,44.0,5.0,1.3131347932828827e-05,0.01,0.007781017920933664
203.0,56.0,5.0,1.300003445350054e-05,0.01,0.007639419800398173
204.0,85.0,5.0,1.2870034108965534e-05,0.01,0.00753337033711432
205.0,40.0,5.0,1.274133376787588e-05,0.01,0.007889215308750863
206.0,59.0,5.0,1.2613920430197118e-05,0.01,0.007680060980419512
207.0,32.0,5.0,1.2487781225895148e-05,0.01,0.007786528369251755
208.0,44.0,5.0,1.2362903413636197e-05,0.01,0.007463317475412623
209.0,41.0,5.0,1.2239274379499834e-05,0.01,0.0074364837437315146
210.0,39.0,5.0,1.2116881635704836e-05,0.01,0.00753719316344359
211.0,38.0,5.0,1.1995712819347788e-05,0.01,0.007589183080199291
212.0,43.0,5.0,1.187575569115431e-05,0.01,0.00738065454243042
213.0,38.0,5.0,1.1756998134242766e-05,0.01,0.0076395468840928515
214.0,30.0,5.0,1.1639428152900339e-05,0.01,0.007501957061322173
215.0,45.0,5.0,1.1523033871371334e-05,0.01,0.007733531747362576
216.0,29.0,5.0,1.140780353265762e-05,0.01,0.007678952872083755
217.0,41.0,5.0,1.1293725497331045e-05,0.01,0.007594151520606829
218.0,32.0,5.0,1.1180788242357734e-05,0.01,0.007689926886087051
219.0,34.0,5.0,1.1068980359934158e-05,0.01,0.007805568442563526
220.0,34.0,5.0,1.0958290556334817e-05,0.01,0.007762338078464381
221.0,75.0,5.0,1.0848707650771467e-05,0.01,0.007712973905654508
222.0,28.0,5.0,1.0740220574263753e-05,0.01,0.007857840741053224
223.0,39.0,5.0,1.0632818368521115e-05,0.01,0.00772326230071485
224.0,38.0,5.0,1.0526490184835904e-05,0.01,0.007534322197898291
225.0,53.0,5.0,1.0421225282987544e-05,0.01,0.007509445098548895
226.0,29.0,5.0,1.031701303015767e-05,0.01,0.007634780085936654
227.0,44.0,5.0,1.0213842899856092e-05,0.01,0.00801042681268882
228.0,62.0,5.0,1.0111704470857532e-05,0.01,0.008023271719139302
229.0,45.0,5.0,1.0010587426148955e-05,0.01,0.007986798915226245
230.0,39.0,5.0,9.910481551887467e-06,0.01,0.007745503095065942
231.0,35.0,5.0,9.81137673636859e-06,0.01,0.007759147847536951
232.0,33.0,5.0,9.713262969004906e-06,0.01,0.007747604246105766
233.0,45.0,5.0,9.616130339314856e-06,0.01,0.007664937562367413
234.0,72.0,5.0,9.519969035921707e-06,0.01,0.007673545733268838
235.0,56.0,5.0,9.424769345562492e-06,0.01,0.007733420712611405
236.0,44.0,5.0,9.330521652106867e-06,0.01,0.007766739023281843
237.0,42.0,5.0,9.237216435585796e-06,0.01,0.007487227869205526
238.0,53.0,5.0,9.144844271229938e-06,0.01,0.007427928119795979
239.0,43.0,5.0,9.05339582851764e-06,0.01,0.007460491906385869
240.0,36.0,5.0,8.962861870232463e-06,0.01,0.007736499703241861
241.0,45.0,5.0,8.873233251530139e-06,0.01,0.008022670046557323
242.0,27.0,5.0,8.784500919014836e-06,0.01,0.007915120961115463
243.0,55.0,5.0,8.696655909824688e-06,0.01,0.00783694003985147
244.0,67.0,5.0,8.609689350726441e-06,0.01,0.007454509548551869
245.0,55.0,5.0,8.523592457219177e-06,0.01,0.00785386159986956
246.0,45.0,5.0,8.438356532646986e-06,0.01,0.00821379643457476
247.0,38.0,5.0,8.353972967320516e-06,0.01,0.008259461101260968
248.0,53.0,5.0,8.27043323764731e-06,0.01,0.008183204126908095
249.0,36.0,5.0,8.187728905270836e-06,0.01,0.008304723240144085
250.0,64.0,5.0,8.105851616218128e-06,0.01,0.008632103643321898
251.0,45.0,5.0,8.024793100055947e-06,0.01,0.00847236585104838
252.0,33.0,5.0,7.944545169055387e-06,0.01,0.008440950514341239
253.0,43.0,5.0,7.865099717364833e-06,0.01,0.008369669996682205
254.0,63.0,5.0,7.786448720191185e-06,0.01,0.008443987377177109
255.0,63.0,5.0,7.708584232989272e-06,0.01,0.008322406793013215
256.0,27.0,5.0,7.63149839065938e-06,0.01,0.008258230969659053
257.0,46.0,5.0,7.555183406752786e-06,0.01,0.008514641873262008
258.0,48.0,5.0,7.479631572685258e-06,0.01,0.00901664883531339
259.0,52.0,5.0,7.4048352569584066e-06,0.01,0.009027147625602083
260.0,48.0,5.0,7.330786904388821e-06,0.01,0.00869760756722826
261.0,40.0,5.0,7.257479035344933e-06,0.01,0.008408965235503274
262.0,46.0,5.0,7.1849042449914836e-06,0.01,0.008417708640990895
263.0,64.0,5.0,7.113055202541569e-06,0.01,0.008717612201508018
264.0,65.0,5.0,7.041924650516153e-06,0.01,0.008600900977398851
265.0,44.0,5.0,6.971505404010992e-06,0.01,0.00880195751778956
266.0,49.0,5.0,6.901790349970881e-06,0.01,0.008654746745378361
267.0,61.0,5.0,6.8327724464711725e-06,0.01,0.008386151044760481
268.0,40.0,5.0,6.7644447220064605e-06,0.01,0.008312872396345483
269.0,44.0,5.0,6.696800274786396e-06,0.01,0.008291182028187905
270.0,61.0,5.0,6.629832272038531e-06,0.01,0.008422171054917271
271.0,31.0,5.0,6.563533949318147e-06,0.01,0.008374923700102954
272.0,36.0,5.0,6.497898609824965e-06,0.01,0.008708463206858141
273.0,41.0,5.0,6.432919623726716e-06,0.01,0.00893316757537832
274.0,35.0,5.0,6.368590427489449e-06,0.01,0.008827552299408126
275.0,41.0,5.0,6.304904523214554e-06,0.01,0.00902371971278626
276.0,39.0,5.0,6.241855477982409e-06,0.01,0.008918294830436935
277.0,79.0,5.0,6.179436923202584e-06,0.01,0.008796298279776238
278.0,40.0,5.0,6.1176425539705585e-06,0.01,0.008760358421568526
279.0,44.0,5.0,6.056466128430853e-06,0.01,0.009003037066577235
280.0,37.0,5.0,5.995901467146544e-06,0.01,0.008672644598846091
281.0,39.0,5.0,5.935942452475079e-06,0.01,0.0088782771708793
282.0,38.0,5.0,5.876583027950328e-06,0.01,0.008945180765294936
283.0,48.0,5.0,5.817817197670825e-06,0.01,0.00903416041546734
284.0,34.0,5.0,5.759639025694117e-06,0.01,0.008810423609247664
285.0,41.0,5.0,5.702042635437175e-06,0.01,0.00871094439571607
286.0,54.0,5.0,5.645022209082803e-06,0.01,0.008931898215450929
287.0,38.0,5.0,5.588571986991975e-06,0.01,0.00898964335101482
288.0,48.0,5.0,5.532686267122055e-06,0.01,0.009201820681482786
289.0,36.0,5.0,5.477359404450835e-06,0.01,0.009145871776127024
290.0,32.0,5.0,5.422585810406326e-06,0.01,0.009511818419923657
291.0,41.0,5.0,5.368359952302263e-06,0.01,0.00928875290810538
292.0,35.0,5.0,5.3146763527792406e-06,0.01,0.009609135078790132
293.0,51.0,5.0,5.261529589251448e-06,0.01,0.009335584898508387
294.0,39.0,5.0,5.208914293358933e-06,0.01,0.0095580320667068
295.0,42.0,5.0,5.156825150425345e-06,0.01,0.008975873755844077
296.0,35.0,5.0,5.10525689892109e-06,0.01,0.009068833389392239
297.0,67.0,5.0,5.05420432993188e-06,0.01,0.009022757049024221
298.0,41.0,5.0,5.003662286632561e-06,0.01,0.009261011859052815
299.0,41.0,5.0,4.953625663766235e-06,0.01,0.009568013618263649
300.0,36.0,5.0,4.904089407128572e-06,0.01,0.009692708683360252
301.0,56.0,5.0,4.855048513057287e-06,0.01,0.010087356286021532
302.0,35.0,5.0,4.806498027926714e-06,0.01,0.009541934627122828
303.0,61.0,5.0,4.758433047647447e-06,0.01,0.009502912987954915
304.0,38.0,5.0,4.710848717170972e-06,0.01,0.009403484360518632
305.0,69.0,5.0,4.663740229999263e-06,0.01,0.009405670203705085
306.0,52.0,5.0,4.61710282769927e-06,0.01,0.00964313678923645
307.0,34.0,5.0,4.570931799422277e-06,0.01,0.009579826662957203
308.0,84.0,5.0,4.525222481428054e-06,0.01,0.009406874152773526
309.0,56.0,5.0,4.479970256613774e-06,0.01,0.00961670415927074
310.0,48.0,5.0,4.4351705540476355e-06,0.01,0.009417740686330944
311.0,38.0,5.0,4.3908188485071594e-06,0.01,0.009074410874745809
312.0,41.0,5.0,4.346910660022087e-06,0.01,0.009068493025552016
313.0,38.0,5.0,4.303441553421867e-06,0.01,0.009097447495150845
314.0,33.0,5.0,4.260407137887648e-06,0.01,0.009227743546944112
315.0,28.0,5.0,4.217803066508772e-06,0.01,0.009395378318004077
316.0,48.0,5.0,4.1756250358436835e-06,0.01,0.009264809421438258
317.0,37.0,5.0,4.1338687854852475e-06,0.01,0.009550856197165558
318.0,48.0,5.0,4.0925300976303945e-06,0.01,0.009484323065407807
319.0,44.0,5.0,4.05160479665409e-06,0.01,0.009705647542432416
320.0,61.0,5.0,4.01108874868755e-06,0.01,0.0092690165311069
321.0,34.0,5.0,3.970977861200674e-06,0.01,0.009400280776389991
322.0,35.0,5.0,3.9312680825886676e-06,0.01,0.009431910546481959
323.0,43.0,5.0,3.891955401762781e-06,0.01,0.009626471104638767
324.0,33.0,5.0,3.853035847745152e-06,0.01,0.009593966182364966
325.0,53.0,5.0,3.8145054892677013e-06,0.01,0.009245024173651473
326.0,44.0,5.0,3.7763604343750245e-06,0.01,0.009328411659225821
327.0,53.0,5.0,3.738596830031274e-06,0.01,0.009301294798206072
328.0,34.0,5.0,3.7012108617309608e-06,0.01,0.008937705413700314
329.0,46.0,5.0,3.664198753113651e-06,0.01,0.008742945619815146
330.0,61.0,5.0,3.6275567655825147e-06,0.01,0.009457936634134967
331.0,42.0,5.0,3.5912811979266893e-06,0.01,0.009630018786992878
332.0,48.0,5.0,3.5553683859474227e-06,0.01,0.009916615059410105
333.0,49.0,5.0,3.5198147020879486e-06,0.01,0.009669852277511382
334.0,33.0,5.0,3.484616555067069e-06,0.01,0.009822608435570146
335.0,46.0,5.0,3.4497703895163983e-06,0.01,0.009662736412792583
336.0,35.0,5.0,3.415272685621234e-06,0.01,0.009525815434244578
337.0,49.0,5.0,3.3811199587650223e-06,0.01,0.009404879487192375
338.0,28.0,5.0,3.347308759177372e-06,0.01,0.009605701299733482
339.0,58.0,5.0,3.313835671585598e-06,0.01,0.009975958739232738
340.0,32.0,5.0,3.280697314869742e-06,0.01,0.010389184360974468
341.0,41.0,5.0,3.2478903417210443e-06,0.01,0.010119901395228226
342.0,34.0,5.0,3.2154114383038345e-06,0.01,0.010227999067865312
343.0,38.0,5.0,3.1832573239207955e-06,0.01,0.009993553259846522
344.0,52.0,5.0,3.1514247506815877e-06,0.01,0.010026011281297542
345.0,41.0,5.0,3.1199105031747718e-06,0.01,0.00954428945260588
346.0,41.0,5.0,3.0887113981430243e-06,0.01,0.009519216337139369
347.0,38.0,5.0,3.0578242841615937e-06,0.01,0.009366722826598561
348.0,29.0,5.0,3.0272460413199778e-06,0.01,0.009493804953308427
349.0,50.0,5.0,2.996973580906778e-06,0.01,0.010090488194691716
350.0,40.0,5.0,2.9670038450977103e-06,0.01,0.0102328821158153
351.0,51.0,5.0,2.937333806646733e-06,0.01,0.010683360393159091
352.0,42.0,5.0,2.907960468580266e-06,0.01,0.010597026928735431
353.0,70.0,5.0,2.878880863894463e-06,0.01,0.01007427124932292
354.0,34.0,5.0,2.850092055255518e-06,0.01,0.01016236495343037
355.0,30.0,5.0,2.8215911347029633e-06,0.01,0.009882640315481694
356.0,30.0,5.0,2.7933752233559336e-06,0.01,0.010068816442071693
357.0,38.0,5.0,2.7654414711223742e-06,0.01,0.010413097224954981
358.0,32.0,5.0,2.7377870564111506e-06,0.01,0.010650191885360982
359.0,48.0,5.0,2.710409185847039e-06,0.01,0.010722346996772103
360.0,44.0,5.0,2.6833050939885687e-06,0.01,0.010616474672133336
361.0,46.0,5.0,2.6564720430486826e-06,0.01,0.010589443791104713
362.0,30.0,5.0,2.629907322618196e-06,0.01,0.010483740876225056
363.0,42.0,5.0,2.6036082493920137e-06,0.01,0.010595106032269541
364.0,35.0,5.0,2.5775721668980935e-06,0.01,0.01059631105454173
365.0,35.0,5.0,2.5517964452291127e-06,0.01,0.010627866016875487
366.0,38.0,5.0,2.5262784807768213e-06,0.01,0.010686461384466384
367.0,50.0,5.0,2.5010156959690537e-06,0.01,0.010921517150563886
368.0,34.0,5.0,2.4760055390093626e-06,0.01,0.010896411209614598
369.0,38.0,5.0,2.451245483619269e-06,0.01,0.010886112779189716
370.0,42.0,5.0,2.4267330287830764e-06,0.01,0.011171213618581533
371.0,43.0,5.0,2.4024656984952455e-06,0.01,0.011290562477370258
372.0,47.0,5.0,2.378441041510293e-06,0.01,0.011279452959570335
373.0,54.0,5.0,2.3546566310951904e-06,0.01,0.010952512104267953
374.0,40.0,5.0,2.3311100647842383e-06,0.01,0.011121912681119284
375.0,41.0,5.0,2.307798964136396e-06,0.01,0.01136954809044255
376.0,32.0,5.0,2.284720974495032e-06,0.01,0.011319331992126536
377.0,54.0,5.0,2.2618737647500816e-06,0.01,0.011585016658500535
378.0,35.0,5.0,2.2392550271025807e-06,0.01,0.011802398927102331
379.0,40.0,5.0,2.216862476831555e-06,0.01,0.011940614276682027
380.0,29.0,5.0,2.1946938520632396e-06,0.01,0.011833411921543302
381.0,36.0,5.0,2.172746913542607e-06,0.01,0.012210115819470957
382.0,38.0,5.0,2.1510194444071806e-06,0.01,0.012030430818413151
383.0,29.0,5.0,2.1295092499631087e-06,0.01,0.012040709261782467
384.0,42.0,5.0,2.1082141574634782e-06,0.01,0.012257833976036636
385.0,43.0,5.0,2.087132015888843e-06,0.01,0.011932651417737361
386.0,33.0,5.0,2.0662606957299546e-06,0.01,0.01172613313610782
387.0,37.0,5.0,2.045598088772655e-06,0.01,0.011730668957170565
388.0,45.0,5.0,2.0251421078849286e-06,0.01,0.011455687606940046
389.0,51.0,5.0,2.0048906868060793e-06,0.01,0.011435821277700597
390.0,36.0,5.0,1.9848417799380183e-06,0.01,0.011456613188784104
391.0,43.0,5.0,1.964993362138638e-06,0.01,0.011645103761111386
392.0,51.0,5.0,1.945343428517252e-06,0.01,0.012124594304623315
393.0,47.0,5.0,1.925889994232079e-06,0.01,0.011848028156236978
394.0,35.0,5.0,1.9066310942897583e-06,0.01,0.011690747345710406
395.0,37.0,5.0,1.887564783346861e-06,0.01,0.011094688161392696
396.0,47.0,5.0,1.8686891355133925e-06,0.01,0.011171392019605264
397.0,30.0,5.0,1.8500022441582581e-06,0.01,0.011346189163305098
398.0,35.0,5.0,1.8315022217166757e-06,0.01,0.011506761286000255
399.0,46.0,5.0,1.8131871994995088e-06,0.01,0.01204478200088488
400.0,40.0,5.0,1.7950553275045138e-06,0.01,0.012067561314324848
401.0,43.0,5.0,1.7771047742294687e-06,0.01,0.012179392793768784
402.0,54.0,5.0,1.7593337264871742e-06,0.01,0.012885561834991677
403.0,52.0,5.0,1.7417403892223024e-06,0.01,0.013062359979812754
404.0,40.0,5.0,1.724322985330079e-06,0.01,0.013383476722083287
405.0,58.0,5.0,1.7070797554767784e-06,0.01,0.013258375598525163
406.0,38.0,5.0,1.6900089579220107e-06,0.01,0.013399613242654596
407.0,36.0,5.0,1.6731088683427903e-06,0.01,0.013676630864210892
408.0,78.0,5.0,1.6563777796593627e-06,0.01,0.013511189419659786
409.0,27.0,5.0,1.639814001862769e-06,0.01,0.013358847849303856
410.0,29.0,5.0,1.6234158618441412e-06,0.01,0.013043592476606136
411.0,39.0,5.0,1.6071817032256998e-06,0.01,0.012554771335999249
412.0,64.0,5.0,1.5911098861934426e-06,0.01,0.012619502151210327
413.0,42.0,5.0,1.5751987873315083e-06,0.01,0.012881854770967038
414.0,41.0,5.0,1.5594467994581932e-06,0.01,0.012838097289204597
415.0,48.0,5.0,1.5438523314636111e-06,0.01,0.012503599449701142
416.0,44.0,5.0,1.528413808148975e-06,0.01,0.01242306801941595
417.0,46.0,5.0,1.5131296700674855e-06,0.01,0.012154021798778558
418.0,38.0,5.0,1.4979983733668104e-06,0.01,0.0127951014219434
419.0,50.0,5.0,1.4830183896331422e-06,0.01,0.012958071598404786
420.0,43.0,5.0,1.468188205736811e-06,0.01,0.012627103002159856
421.0,35.0,5.0,1.4535063236794427e-06,0.01,0.011706527944625122
422.0,37.0,5.0,1.4389712604426485e-06,0.01,0.011842985466500977
423.0,40.0,5.0,1.4245815478382219e-06,0.01,0.012146129836764885
424.0,45.0,5.0,1.4103357323598398e-06,0.01,0.012725730524834944
425.0,34.0,5.0,1.3962323750362412e-06,0.01,0.012504793539847014
426.0,30.0,5.0,1.3822700512858787e-06,0.01,0.012182256323285401
427.0,38.0,5.0,1.36844735077302e-06,0.01,0.012381365675537381
428.0,33.0,5.0,1.3547628772652897e-06,0.01,0.012407029975292971
429.0,53.0,5.0,1.341215248492637e-06,0.01,0.012379113664792385
430.0,43.0,5.0,1.3278030960077106e-06,0.01,0.012115392375562806
431.0,47.0,5.0,1.3145250650476334e-06,0.01,0.012067388772265986
432.0,52.0,5.0,1.3013798143971572e-06,0.01,0.011858616409881506
433.0,40.0,5.0,1.2883660162531855e-06,0.01,0.011543940989213297
434.0,55.0,5.0,1.2754823560906535e-06,0.01,0.012181454188976204
435.0,42.0,5.0,1.262727532529747e-06,0.01,0.012680329749855446
436.0,37.0,5.0,1.2501002572044497e-06,0.01,0.013071040033537429
437.0,39.0,5.0,1.2375992546324052e-06,0.01,0.012677559123403626
438.0,47.0,5.0,1.225223262086081e-06,0.01,0.012432084491592832
439.0,49.0,5.0,1.2129710294652203e-06,0.01,0.012142662159021711
440.0,34.0,5.0,1.200841319170568e-06,0.01,0.0122545954582165
441.0,30.0,5.0,1.1888329059788622e-06,0.01,0.0123643708320742
442.0,43.0,5.0,1.1769445769190736e-06,0.01,0.012516982898887363
443.0,34.0,5.0,1.1651751311498829e-06,0.01,0.012815346048228093
444.0,38.0,5.0,1.1535233798383842e-06,0.01,0.012394404226142797
445.0,44.0,5.0,1.14198814604e-06,0.01,0.011818929078799556
446.0,51.0,5.0,1.1305682645796002e-06,0.01,0.011863378134876257
447.0,54.0,5.0,1.1192625819338042e-06,0.01,0.012504394711868372
448.0,33.0,5.0,1.1080699561144662e-06,0.01,0.012375815927953226
449.0,36.0,5.0,1.0969892565533216e-06,0.01,0.01217654105857946
450.0,50.0,5.0,1.0860193639877883e-06,0.01,0.012148225505370647
451.0,54.0,5.0,1.0751591703479103e-06,0.01,0.011926549981581047
452.0,52.0,5.0,1.0644075786444312e-06,0.01,0.012233432880748296
453.0,35.0,5.0,1.053763502857987e-06,0.01,0.012009749785647728
454.0,46.0,5.0,1.043225867829407e-06,0.01,0.0124386603529274
455.0,39.0,5.0,1.032793609151113e-06,0.01,0.01240416761720553
456.0,37.0,5.0,1.022465673059602e-06,0.01,0.012364426012936747
457.0,45.0,5.0,1.0122410163290058e-06,0.01,0.012402863208990311
458.0,49.0,5.0,1.0021186061657157e-06,0.01,0.01183923146527377
459.0,50.0,5.0,9.920974201040586e-07,0.01,0.01229650895766099
460.0,57.0,5.0,9.82176445903018e-07,0.01,0.011803801204223419
461.0,41.0,5.0,9.723546814439878e-07,0.01,0.011374133835488465
462.0,47.0,5.0,9.626311346295479e-07,0.01,0.01127922412706539
463.0,37.0,5.0,9.530048232832524e-07,0.01,0.011305842592264526
464.0,45.0,5.0,9.4347477505042e-07,0.01,0.011062014182243729
465.0,50.0,5.0,9.340400272999157e-07,0.01,0.01090269111955422
466.0,41.0,5.0,9.246996270269165e-07,0.01,0.011277858622634085
467.0,40.0,5.0,9.154526307566474e-07,0.01,0.01175014920590911
468.0,47.0,5.0,9.062981044490809e-07,0.01,0.012248310242284788
469.0,57.0,5.0,8.972351234045902e-07,0.01,0.012440789214451797
470.0,41.0,5.0,8.882627721705441e-07,0.01,0.01163875317433849
471.0,47.0,5.0,8.793801444488386e-07,0.01,0.010781187029351713
472.0,40.0,5.0,8.705863430043502e-07,0.01,0.01103354271617718
473.0,46.0,5.0,8.618804795743068e-07,0.01,0.011466385923995404
474.0,41.0,5.0,8.532616747785637e-07,0.01,0.011976651185250375
475.0,36.0,5.0,8.447290580307781e-07,0.01,0.012068451360391919
476.0,50.0,5.0,8.362817674504702e-07,0.01,0.012173276601970429
477.0,62.0,5.0,8.279189497759656e-07,0.01,0.011766806597734103
478.0,54.0,5.0,8.196397602782058e-07,0.01,0.011566560602659592
479.0,46.0,5.0,8.114433626754238e-07,0.01,0.011756842555769254
480.0,65.0,5.0,8.033289290486697e-07,0.01,0.012391109670716105
481.0,41.0,5.0,7.95295639758183e-07,0.01,0.012133336593251443
482.0,41.0,5.0,7.87342683360601e-07,0.01,0.011836726840556366
483.0,35.0,5.0,7.79469256526995e-07,0.01,0.011637105144473026
484.0,41.0,5.0,7.71674563961725e-07,0.01,0.011668815546727274
485.0,39.0,5.0,7.639578183221078e-07,0.01,0.011629346146946773
486.0,51.0,5.0,7.563182401388867e-07,0.01,0.011624065173236886
487.0,33.0,5.0,7.487550577374979e-07,0.01,0.01138223981615738
488.0,35.0,5.0,7.412675071601229e-07,0.01,0.011690627732605208
489.0,44.0,5.0,7.338548320885216e-07,0.01,0.011909955192095367
490.0,36.0,5.0,7.265162837676364e-07,0.01,0.011481997928058263
491.0,37.0,5.0,7.1925112092996e-07,0.01,0.011453291950601852
492.0,35.0,5.0,7.120586097206604e-07,0.01,0.011295221429463709
493.0,37.0,5.0,7.049380236234538e-07,0.01,0.011226265152799897
494.0,47.0,5.0,6.978886433872193e-07,0.01,0.011797283634223277
495.0,46.0,5.0,6.909097569533471e-07,0.01,0.01192978524704813
496.0,47.0,5.0,6.840006593838136e-07,0.01,0.011923587910132483
497.0,41.0,5.0,6.771606527899755e-07,0.01,0.011671407643007115
498.0,33.0,5.0,6.703890462620756e-07,0.01,0.012154245439887745
499.0,35.0,5.0,6.636851557994549e-07,0.01,0.012632769416086376
