epoch,step_num,score,agent_lr,agent_er,ma_loss,time
0.0,198.0,-5.0,0.0001,1.0,0.004249337023793487,96.73955154418945
1.0,99.0,-5.0,9.900000000000001e-05,0.95,0.004695501331298146,26.080267429351807
2.0,35.0,-5.0,9.801e-05,0.9025,0.0047866694985714275,10.075750827789307
3.0,127.0,-5.0,9.70299e-05,0.8573749999999999,0.0041855670206132345,35.775062799453735
4.0,63.0,-5.0,9.6059601e-05,0.8145062499999999,0.0034334078773099463,16.869908332824707
5.0,43.0,-5.0,9.509900499e-05,0.7737809374999998,0.008488065606798045,12.73233413696289
6.0,50.0,-5.0,9.41480149401e-05,0.7350918906249998,0.005908359780733008,14.880770921707153
7.0,35.0,-5.0,9.320653479069899e-05,0.6983372960937497,0.005042696371674538,10.53287959098816
8.0,67.0,-5.0,9.227446944279202e-05,0.6634204312890623,0.00492328875043313,21.37562847137451
9.0,51.0,-5.0,9.135172474836409e-05,0.6302494097246091,0.005649852340866346,16.72437620162964
10.0,40.0,-5.0,9.043820750088044e-05,0.5987369392383787,0.006437460076995194,16.68508791923523
11.0,240.0,-5.0,8.953382542587164e-05,0.5688000922764597,0.004263155220542103,120.57099962234497
12.0,75.0,-5.0,8.863848717161293e-05,0.5403600876626367,0.005450822165585123,30.77771520614624
13.0,71.0,-5.0,8.77521022998968e-05,0.5133420832795048,0.007061043696012348,23.834304094314575
14.0,96.0,-5.0,8.687458127689783e-05,0.48767497911552954,0.005196315818466246,33.98190402984619
15.0,45.0,-5.0,8.600583546412884e-05,0.46329123015975304,0.00518159251078032,14.246138095855713
16.0,41.0,-5.0,8.514577710948756e-05,0.44012666865176536,0.004993143535102718,13.825878858566284
17.0,90.0,-5.0,8.429431933839267e-05,0.4181203352191771,0.005956894878181629,35.7347776889801
18.0,59.0,-5.0,8.345137614500875e-05,0.3972143184582182,0.005056193291238742,28.071067333221436
19.0,37.0,-5.0,8.261686238355867e-05,0.37735360253530725,0.005429793724033516,24.67081904411316
20.0,117.0,-5.0,8.179069375972308e-05,0.3584859224085419,0.004481597468839027,72.21941876411438
21.0,128.0,-5.0,8.097278682212584e-05,0.3405616262881148,0.006114276700827759,46.11279892921448
22.0,266.0,-5.0,8.01630589539046e-05,0.323533544973709,0.004732334840809926,101.48156690597534
23.0,80.0,-5.0,7.936142836436555e-05,0.3073568677250236,0.004755158690386452,29.35527777671814
24.0,201.0,-5.0,7.856781408072188e-05,0.2919890243387724,0.0046289835663628764,79.76158285140991
25.0,134.0,-5.0,7.778213593991467e-05,0.27738957312183377,0.0072441330485162325,58.69413685798645
26.0,57.0,5.0,7.700431458051551e-05,0.26352009446574204,0.0059143206890439615,23.091113328933716
27.0,111.0,-5.0,7.623427143471036e-05,0.2503440897424549,0.005350958337658085,47.01885485649109
28.0,114.0,5.0,7.547192872036326e-05,0.23782688525533216,0.005219964376010466,45.49672865867615
29.0,142.0,-5.0,7.471720943315961e-05,0.22593554099256555,0.0064338641095673665,67.73655819892883
30.0,289.0,-5.0,7.397003733882802e-05,0.21463876394293727,0.006136711032013409,156.63651514053345
31.0,156.0,-5.0,7.323033696543975e-05,0.2039068257457904,0.004609599396644626,120.0906720161438
32.0,149.0,5.0,7.249803359578534e-05,0.19371148445850087,0.004192148946458474,146.61152720451355
33.0,265.0,5.0,7.177305325982749e-05,0.18402591023557582,0.006262491078814492,170.60131001472473
34.0,48.0,5.0,7.105532272722921e-05,0.174824614723797,0.005883789563085884,22.22783923149109
35.0,72.0,5.0,7.034476949995692e-05,0.16608338398760716,0.005462409557367209,51.60760855674744
36.0,74.0,5.0,6.964132180495735e-05,0.1577792147882268,0.004696132473327452,45.59254336357117
37.0,60.0,5.0,6.894490858690777e-05,0.14989025404881545,0.007869997760280967,47.06998372077942
38.0,125.0,5.0,6.82554595010387e-05,0.14239574134637467,0.006271364611166064,112.89347100257874
39.0,75.0,5.0,6.75729049060283e-05,0.13527595427905592,0.005904413508687867,46.0328733921051
40.0,72.0,5.0,6.689717585696803e-05,0.12851215656510312,0.005483655506395735,71.06002426147461
41.0,39.0,5.0,6.622820409839836e-05,0.12208654873684796,0.00871724849275779,28.779149293899536
42.0,40.0,5.0,6.556592205741436e-05,0.11598222130000556,0.006635633784753736,17.93379497528076
43.0,41.0,5.0,6.491026283684022e-05,0.11018311023500528,0.006257038236071821,14.811506032943726
44.0,82.0,5.0,6.426116020847181e-05,0.10467395472325501,0.006090594200941268,28.265506744384766
45.0,104.0,5.0,6.36185486063871e-05,0.09944025698709225,0.007122291222913191,34.769201040267944
46.0,118.0,5.0,6.298236312032323e-05,0.09446824413773763,0.00605266097409185,39.39423203468323
47.0,49.0,5.0,6.235253948912e-05,0.08974483193085075,0.00567706241417909,16.377865076065063
48.0,85.0,5.0,6.17290140942288e-05,0.0852575903343082,0.005873110567335971,31.779563426971436
49.0,105.0,5.0,6.11117239532865e-05,0.0809947108175928,0.00858929045352852,37.4152626991272
50.0,43.0,5.0,6.050060671375364e-05,0.07694497527671315,0.0072656492120586336,17.265923976898193
51.0,32.0,5.0,5.98956006466161e-05,0.07309772651287749,0.006439868433517404,15.09406566619873
52.0,55.0,5.0,5.9296644640149945e-05,0.06944284018723361,0.007644396435352974,21.77657699584961
53.0,100.0,5.0,5.8703678193748444e-05,0.06597069817787193,0.007821469553164206,39.91604137420654
54.0,53.0,5.0,5.811664141181096e-05,0.06267216326897833,0.008285763971798588,20.935025215148926
55.0,41.0,5.0,5.753547499769285e-05,0.05953855510552941,0.007509913411922753,15.82898235321045
56.0,53.0,5.0,5.696012024771592e-05,0.056561627350252934,0.007384867531072814,20.937446117401123
57.0,30.0,5.0,5.6390519045238756e-05,0.053733545982740286,0.009273969539208338,11.65108871459961
58.0,40.0,5.0,5.582661385478637e-05,0.051046868683603266,0.008040158769290429,15.3804931640625
59.0,41.0,5.0,5.526834771623851e-05,0.048494525249423104,0.0076540892259799875,15.959579706192017
60.0,44.0,5.0,5.4715664239076124e-05,0.046069798986951946,0.007997439272003248,17.018032550811768
61.0,98.0,5.0,5.416850759668536e-05,0.043766309037604346,0.008736273142858408,38.43506455421448
62.0,49.0,5.0,5.36268225207185e-05,0.04157799358572413,0.007184325615526177,17.65151858329773
63.0,69.0,5.0,5.309055429551132e-05,0.03949909390643792,0.007255169861309696,25.84810781478882
64.0,44.0,5.0,5.25596487525562e-05,0.03752413921111602,0.007328287305426784,15.910125732421875
65.0,44.0,5.0,5.203405226503064e-05,0.03564793225056022,0.009448068754863925,15.390511989593506
66.0,70.0,5.0,5.151371174238033e-05,0.033865535638032206,0.007416212349198759,24.465653896331787
67.0,75.0,5.0,5.0998574624956527e-05,0.03217225885613059,0.008029674339923076,26.090837955474854
68.0,52.0,5.0,5.048858887870697e-05,0.030563645913324063,0.006784120814700145,17.982689380645752
69.0,44.0,5.0,4.99837029899199e-05,0.02903546361765786,0.00825373457337264,14.744477272033691
70.0,37.0,5.0,4.94838659600207e-05,0.027583690436774964,0.00949436958762817,12.86417555809021
71.0,36.0,5.0,4.898902730042049e-05,0.026204505914936217,0.008053516707150266,12.252545833587646
72.0,48.0,5.0,4.849913702741629e-05,0.024894280619189402,0.008697294179000892,16.407676219940186
73.0,51.0,5.0,4.801414565714212e-05,0.023649566588229934,0.009619793287129141,17.037763833999634
74.0,46.0,5.0,4.75340042005707e-05,0.022467088258818435,0.008828594247461297,15.682769536972046
75.0,66.0,5.0,4.705866415856499e-05,0.02134373384587751,0.00814269068359863,23.827211141586304
76.0,23.0,5.0,4.658807751697934e-05,0.020276547153583634,0.008721413381863385,9.096508741378784
77.0,66.0,5.0,4.612219674180955e-05,0.01926271979590445,0.009099617222091183,24.53120493888855
78.0,62.0,5.0,4.5660974774391453e-05,0.01829958380610923,0.0073835917573887855,22.199938535690308
79.0,35.0,5.0,4.5204365026647536e-05,0.017384604615803767,0.008822647330816835,13.066784381866455
80.0,59.0,5.0,4.475232137638106e-05,0.01651537438501358,0.007977177425345872,20.541359186172485
81.0,35.0,5.0,4.430479816261725e-05,0.0156896056657629,0.009899585551465861,12.439596176147461
82.0,75.0,5.0,4.386175018099108e-05,0.014905125382474753,0.008343513371073641,25.837962865829468
83.0,77.0,5.0,4.342313267918117e-05,0.014159869113351015,0.009559873040416278,26.79432773590088
84.0,31.0,5.0,4.2988901352389356e-05,0.013451875657683464,0.009110573169891723,10.708056211471558
85.0,43.0,5.0,4.255901233886546e-05,0.012779281874799289,0.009306457606726326,14.683997392654419
86.0,48.0,5.0,4.2133422215476805e-05,0.012140317781059324,0.01026392164931167,16.564218997955322
87.0,42.0,5.0,4.171208799332204e-05,0.011533301892006357,0.009959267597878352,14.732923746109009
88.0,51.0,5.0,4.129496711338882e-05,0.01095663679740604,0.009957725742424373,17.482053518295288
89.0,36.0,5.0,4.088201744225493e-05,0.010408804957535737,0.012490804059780203,12.144975185394287
90.0,53.0,5.0,4.047319726783238e-05,0.00988836470965895,0.010386543348431587,18.462172985076904
91.0,45.0,5.0,4.0068465295154053e-05,0.009393946474176,0.010343635847675614,16.36867880821228
92.0,52.0,5.0,3.966778064220251e-05,0.008924249150467202,0.009113317355513573,18.782421827316284
93.0,83.0,5.0,3.927110283578049e-05,0.00847803669294384,0.011104084958788007,29.66426134109497
94.0,33.0,5.0,3.8878391807422684e-05,0.008054134858296648,0.010887299795285799,11.632439374923706
95.0,56.0,5.0,3.8489607889348454e-05,0.007651428115381815,0.009608721113181673,19.840468168258667
96.0,41.0,5.0,3.8104711810454966e-05,0.007268856709612724,0.010168221764615737,14.320917844772339
97.0,37.0,5.0,3.772366469235042e-05,0.006905413874132088,0.010949101793812588,12.832826852798462
98.0,43.0,5.0,3.734642804542692e-05,0.006560143180425483,0.010087879723869264,14.999361753463745
99.0,39.0,5.0,3.6972963764972645e-05,0.006232136021404208,0.009374439920065925,13.326743125915527
100.0,44.0,5.0,3.6603234127322925e-05,0.0059205292203339975,0.009812760865315795,15.113543272018433
101.0,54.0,5.0,3.623720178604969e-05,0.005624502759317297,0.011153367813676596,18.539263010025024
102.0,30.0,5.0,3.587482976818919e-05,0.0053432776213514326,0.01015755817934405,12.57557225227356
103.0,37.0,5.0,3.55160814705073e-05,0.00507611374028386,0.01091314002405852,14.090235948562622
104.0,39.0,5.0,3.516092065580223e-05,0.004822308053269667,0.009702624738565646,14.925342798233032
105.0,54.0,5.0,3.48093114492442e-05,0.004581192650606184,0.010392332173069008,19.089311599731445
106.0,64.0,5.0,3.446121833475176e-05,0.004352133018075874,0.01065246420330368,23.071555137634277
107.0,41.0,5.0,3.411660615140425e-05,0.00413452636717208,0.00947415242990246,15.182517051696777
108.0,45.0,5.0,3.3775440089890204e-05,0.003927800048813476,0.010641695887898095,16.395710229873657
109.0,47.0,5.0,3.3437685688991296e-05,0.0037314100463728024,0.009431417973246425,17.126577854156494
110.0,37.0,5.0,3.310330883210139e-05,0.003544839544054162,0.010685893677873537,13.324983358383179
111.0,41.0,5.0,3.277227574378037e-05,0.0033675975668514537,0.009994756954256445,14.465904951095581
112.0,58.0,5.0,3.244455298634257e-05,0.003199217688508881,0.009964612923795357,20.47074007987976
113.0,52.0,5.0,3.2120107456479144e-05,0.0030392568040834367,0.009543495223624632,20.74867081642151
114.0,69.0,5.0,3.179890638191435e-05,0.0028872939638792646,0.009073647641343996,26.45124077796936
115.0,51.0,5.0,3.1480917318095206e-05,0.0027429292656853013,0.009326547238742933,18.014021635055542
116.0,44.0,5.0,3.1166108144914254e-05,0.0026057828024010363,0.009869167770375498,17.072388887405396
117.0,44.0,5.0,3.085444706346511e-05,0.0024754936622809844,0.011058981632231735,15.369675636291504
118.0,35.0,5.0,3.054590259283046e-05,0.002351718979166935,0.009905357204843313,11.827526807785034
119.0,71.0,5.0,3.0240443566902154e-05,0.002234133030208588,0.01022734241996659,24.04390239715576
120.0,41.0,5.0,2.9938039131233132e-05,0.0021224263786981585,0.010197638752288185,13.79116439819336
121.0,46.0,5.0,2.96386587399208e-05,0.0020163050597632507,0.010539167968090624,17.097965478897095
122.0,30.0,5.0,2.9342272152521593e-05,0.001915489806775088,0.011219171035918407,10.904036045074463
123.0,42.0,5.0,2.9048849430996377e-05,0.0018197153164363335,0.010676122808945365,15.056490898132324
124.0,56.0,5.0,2.8758360936686414e-05,0.0017287295506145167,0.010066289629321545,20.020174026489258
125.0,70.0,5.0,2.8470777327319547e-05,0.0016422930730837907,0.010696162295062095,24.733566284179688
126.0,59.0,5.0,2.818606955404635e-05,0.0015601784194296012,0.009731787919008639,20.719643115997314
127.0,42.0,5.0,2.7904208858505888e-05,0.0014821694984581211,0.011956237547565252,15.210066080093384
128.0,34.0,5.0,2.762516676992083e-05,0.001408061023535215,0.01188145151536446,11.681910276412964
129.0,39.0,5.0,2.7348915102221623e-05,0.001337657972358454,0.010872748520341702,14.262107849121094
130.0,38.0,5.0,2.7075425951199406e-05,0.0012707750737405313,0.01122345234034583,13.234188556671143
131.0,40.0,5.0,2.680467169168741e-05,0.0012072363200535047,0.010264931188430637,14.649976015090942
132.0,64.0,5.0,2.6536624974770535e-05,0.0011468745040508295,0.010422867642773781,22.228537797927856
133.0,71.0,5.0,2.627125872502283e-05,0.001089530778848288,0.009806772650335915,24.88408398628235
134.0,34.0,5.0,2.6008546137772605e-05,0.0010350542399058735,0.011580650636460632,11.588130950927734
135.0,27.0,5.0,2.5748460676394877e-05,0.001,0.011020302641554736,9.083970785140991
136.0,51.0,5.0,2.5490976069630928e-05,0.001,0.010268888407154009,17.663373231887817
137.0,37.0,5.0,2.523606630893462e-05,0.001,0.01098115707281977,13.226405382156372
138.0,33.0,5.0,2.498370564584527e-05,0.001,0.011059761709475424,12.274215459823608
139.0,38.0,5.0,2.473386858938682e-05,0.001,0.011995255743386224,13.764390707015991
140.0,61.0,5.0,2.448652990349295e-05,0.001,0.009950011095497757,21.851284742355347
141.0,39.0,5.0,2.424166460445802e-05,0.001,0.01128322831937112,14.397758483886719
142.0,53.0,5.0,2.399924795841344e-05,0.001,0.01050636540458072,18.63272500038147
143.0,70.0,5.0,2.3759255478829302e-05,0.001,0.010631693236064166,24.64806079864502
144.0,42.0,5.0,2.3521662924041014e-05,0.001,0.009256841512979008,14.75914454460144
145.0,31.0,5.0,2.3286446294800602e-05,0.001,0.012239930336363614,10.890406847000122
146.0,62.0,5.0,2.3053581831852596e-05,0.001,0.011665112135233358,21.071471214294434
147.0,69.0,5.0,2.282304601353407e-05,0.001,0.01027766651532147,23.51941967010498
148.0,51.0,5.0,2.259481555339873e-05,0.001,0.00954169796750648,17.246119022369385
149.0,44.0,5.0,2.236886739786474e-05,0.001,0.010805399659147952,14.871514797210693
150.0,47.0,5.0,2.2145178723886092e-05,0.001,0.010016384985647164,16.08612608909607
151.0,54.0,5.0,2.1923726936647233e-05,0.001,0.01104734635737259,19.744882822036743
152.0,34.0,5.0,2.1704489667280757e-05,0.001,0.011913229245692492,12.10078740119934
153.0,59.0,5.0,2.148744477060795e-05,0.001,0.011927275598281994,20.94977045059204
154.0,32.0,5.0,2.1272570322901873e-05,0.001,0.010119160928297788,11.302552223205566
155.0,45.0,5.0,2.1059844619672853e-05,0.001,0.011553082345926668,15.592404127120972
156.0,43.0,5.0,2.0849246173476125e-05,0.001,0.011172442842507735,15.002923965454102
157.0,28.0,5.0,2.064075371174136e-05,0.001,0.012086386865121312,9.637718439102173
158.0,42.0,5.0,2.043434617462395e-05,0.001,0.011031493166228756,14.588662385940552
159.0,38.0,5.0,2.023000271287771e-05,0.001,0.012133540672948584,13.160778522491455
160.0,39.0,5.0,2.002770268574893e-05,0.001,0.012453257586457767,13.419058799743652
161.0,43.0,5.0,1.9827425658891444e-05,0.001,0.01224740469479002,14.971593618392944
162.0,34.0,5.0,1.9629151402302528e-05,0.001,0.013005763685214333,11.657767057418823
163.0,43.0,5.0,1.9432859888279504e-05,0.001,0.011634841474005952,14.920608282089233
164.0,33.0,5.0,1.9238531289396708e-05,0.001,0.012016519918688573,11.342055559158325
165.0,35.0,5.0,1.904614597650274e-05,0.001,0.012799494375940412,12.142884492874146
166.0,38.0,5.0,1.885568451673771e-05,0.001,0.013176500578993,12.980717182159424
167.0,60.0,5.0,1.8667127671570337e-05,0.001,0.011372039603884332,20.217798709869385
168.0,46.0,5.0,1.848045639485463e-05,0.001,0.012168096160166897,16.044806003570557
169.0,39.0,5.0,1.8295651830906085e-05,0.001,0.012978956059669144,15.108912467956543
170.0,35.0,5.0,1.8112695312597025e-05,0.001,0.013739733418333344,14.341723203659058
171.0,38.0,5.0,1.7931568359471054e-05,0.001,0.012262678268598393,14.076702356338501
172.0,36.0,5.0,1.7752252675876345e-05,0.001,0.01341625586792361,13.194605827331543
173.0,97.0,5.0,1.757473014911758e-05,0.001,0.012433159223292023,35.1651086807251
174.0,34.0,5.0,1.7398982847626404e-05,0.001,0.012919984226755332,12.103565692901611
175.0,36.0,5.0,1.722499301915014e-05,0.001,0.012949860632943455,14.302605390548706
176.0,35.0,5.0,1.7052743088958637e-05,0.001,0.012316642227233388,12.78988265991211
177.0,84.0,5.0,1.688221565806905e-05,0.001,0.012467879831092432,29.820659399032593
178.0,42.0,5.0,1.6713393501488363e-05,0.001,0.013603249492007308,14.608496904373169
179.0,32.0,5.0,1.6546259566473476e-05,0.001,0.012531030792160891,11.064789295196533
180.0,36.0,5.0,1.6380796970808743e-05,0.001,0.012804290832718834,12.622570037841797
181.0,48.0,5.0,1.6216989001100656e-05,0.001,0.014562946365913376,16.71896743774414
182.0,31.0,5.0,1.6054819111089648e-05,0.001,0.014117035127128474,10.8497314453125
183.0,45.0,5.0,1.5894270919978753e-05,0.001,0.014089537551626563,15.702836036682129
184.0,41.0,5.0,1.5735328210778963e-05,0.001,0.01216857967665419,14.186602354049683
185.0,36.0,5.0,1.5577974928671173e-05,0.001,0.013809187119477428,12.518992900848389
186.0,65.0,5.0,1.542219517938446e-05,0.001,0.013101688848109916,26.381689310073853
187.0,40.0,5.0,1.5267973227590617e-05,0.001,0.013354972586967051,15.796374797821045
188.0,62.0,5.0,1.5115293495314711e-05,0.001,0.012431799346813932,27.019254207611084
189.0,52.0,5.0,1.4964140560361564e-05,0.001,0.012985661014681682,19.690205574035645
190.0,62.0,5.0,1.4814499154757947e-05,0.001,0.013246965550933965,21.422350883483887
191.0,43.0,5.0,1.4666354163210369e-05,0.001,0.01350955771340523,14.741414308547974
192.0,35.0,5.0,1.4519690621578264e-05,0.001,0.012171138921985403,12.343822002410889
193.0,51.0,5.0,1.437449371536248e-05,0.001,0.011957164941122755,17.308769464492798
194.0,34.0,5.0,1.4230748778208858e-05,0.001,0.011959311057580635,11.725842952728271
195.0,38.0,5.0,1.4088441290426768e-05,0.001,0.012070241398760118,13.045443534851074
196.0,39.0,5.0,1.39475568775225e-05,0.001,0.013665058591868728,13.546838760375977
197.0,55.0,5.0,1.3808081308747276e-05,0.001,0.012600546309840865,19.368387460708618
198.0,48.0,5.0,1.36700004956598e-05,0.001,0.013491231627995148,16.8327534198761
199.0,43.0,5.0,1.3533300490703205e-05,0.001,0.013413162538199686,14.762789964675903
200.0,35.0,5.0,1.3397967485796173e-05,0.001,0.013734013336943462,12.309996604919434
201.0,39.0,5.0,1.326398781093821e-05,0.001,0.012215068432851695,13.48371696472168
202.0,66.0,5.0,1.3131347932828827e-05,0.001,0.01359321502968669,24.657022714614868
203.0,43.0,5.0,1.300003445350054e-05,0.001,0.015193121769698337,16.025792837142944
204.0,45.0,5.0,1.2870034108965534e-05,0.001,0.013852210773620754,16.185389041900635
205.0,51.0,5.0,1.274133376787588e-05,0.001,0.01263182601542212,18.493612051010132
206.0,42.0,5.0,1.2613920430197118e-05,0.001,0.013049274130025879,15.019243717193604
207.0,60.0,5.0,1.2487781225895148e-05,0.001,0.0125191006300156,21.83597230911255
208.0,43.0,5.0,1.2362903413636197e-05,0.001,0.013031914961175062,15.263785600662231
209.0,32.0,5.0,1.2239274379499834e-05,0.001,0.01433746267866809,11.422802925109863
210.0,37.0,5.0,1.2116881635704836e-05,0.001,0.012897973880171776,13.03296160697937
211.0,38.0,5.0,1.1995712819347788e-05,0.001,0.012801954842871055,13.329325199127197
212.0,39.0,5.0,1.187575569115431e-05,0.001,0.013294241478433833,13.690176725387573
213.0,40.0,5.0,1.1756998134242766e-05,0.001,0.012190664507215843,13.957096099853516
214.0,38.0,5.0,1.1639428152900339e-05,0.001,0.011926073959330097,13.25236439704895
215.0,41.0,5.0,1.1523033871371334e-05,0.001,0.012807219929527491,14.55768370628357
216.0,34.0,5.0,1.140780353265762e-05,0.001,0.01244348453474231,11.833413362503052
217.0,39.0,5.0,1.1293725497331045e-05,0.001,0.013167808428988792,13.54461145401001
218.0,75.0,5.0,1.1180788242357734e-05,0.001,0.01433410648314748,26.959617853164673
219.0,45.0,5.0,1.1068980359934158e-05,0.001,0.012315667016082443,17.021668195724487
220.0,67.0,5.0,1.0958290556334817e-05,0.001,0.011178313892742153,24.754659175872803
221.0,42.0,5.0,1.0848707650771467e-05,0.001,0.013872020375856664,15.749706029891968
222.0,46.0,5.0,1.0740220574263753e-05,0.001,0.012139318947447464,16.78052520751953
223.0,42.0,5.0,1.0632818368521115e-05,0.001,0.012899685811134987,15.043903589248657
224.0,40.0,5.0,1.0526490184835904e-05,0.001,0.01238751619530376,15.760034322738647
225.0,29.0,5.0,1.0421225282987544e-05,0.001,0.013581037666881457,11.274211406707764
226.0,45.0,5.0,1.031701303015767e-05,0.001,0.012134324759244919,16.023858547210693
227.0,29.0,5.0,1.0213842899856092e-05,0.001,0.012058813852490857,10.308921575546265
228.0,34.0,5.0,1.0111704470857532e-05,0.001,0.01360825850861147,12.194791078567505
229.0,45.0,5.0,1.0010587426148955e-05,0.001,0.014210956389433704,15.998018026351929
230.0,39.0,5.0,9.910481551887467e-06,0.001,0.013480479916324839,13.831041097640991
231.0,43.0,5.0,9.81137673636859e-06,0.001,0.011907267675269395,15.368320226669312
232.0,40.0,5.0,9.713262969004906e-06,0.001,0.012428074041963555,13.898550033569336
233.0,40.0,5.0,9.616130339314856e-06,0.001,0.011884919382282533,14.096101760864258
234.0,37.0,5.0,9.519969035921707e-06,0.001,0.012820137999369763,12.984697818756104
235.0,33.0,5.0,9.424769345562492e-06,0.001,0.011852785435621627,11.525718212127686
236.0,41.0,5.0,9.330521652106867e-06,0.001,0.01116797752911225,15.44413137435913
237.0,45.0,5.0,9.237216435585796e-06,0.001,0.013054090159130283,16.64656949043274
238.0,37.0,5.0,9.144844271229938e-06,0.001,0.012481234123697504,13.571595191955566
239.0,56.0,5.0,9.05339582851764e-06,0.001,0.013409805978881195,20.685806035995483
240.0,76.0,5.0,8.962861870232463e-06,0.001,0.01186343704466708,27.905282974243164
241.0,47.0,5.0,8.873233251530139e-06,0.001,0.011775650964409579,17.693048238754272
242.0,43.0,5.0,8.784500919014836e-06,0.001,0.013354234179132618,15.690186023712158
243.0,30.0,5.0,8.696655909824688e-06,0.001,0.012085486989235505,10.653586864471436
244.0,53.0,5.0,8.609689350726441e-06,0.001,0.011283974483376369,18.919667720794678
245.0,49.0,5.0,8.523592457219177e-06,0.001,0.013051033281954005,17.607345581054688
246.0,50.0,5.0,8.438356532646986e-06,0.001,0.012090605378034525,17.839818716049194
247.0,53.0,5.0,8.353972967320516e-06,0.001,0.014161547675030306,18.87962818145752
248.0,40.0,5.0,8.27043323764731e-06,0.001,0.012553955137263983,14.246992349624634
249.0,36.0,5.0,8.187728905270836e-06,0.001,0.012261732525075786,12.47795557975769
250.0,46.0,5.0,8.105851616218128e-06,0.001,0.011439475245424546,16.090325117111206
251.0,51.0,5.0,8.024793100055947e-06,0.001,0.011233185054152273,17.907320976257324
252.0,47.0,5.0,7.944545169055387e-06,0.001,0.01144142659904901,17.735271453857422
253.0,34.0,5.0,7.865099717364833e-06,0.001,0.013767847034614533,13.152378559112549
254.0,48.0,5.0,7.786448720191185e-06,0.001,0.012790911219781265,18.43028497695923
255.0,28.0,5.0,7.708584232989272e-06,0.001,0.012675010555540211,10.764546155929565
256.0,36.0,5.0,7.63149839065938e-06,0.001,0.012453886170987971,13.839611053466797
257.0,47.0,5.0,7.555183406752786e-06,0.001,0.011210264987312257,17.66903829574585
258.0,39.0,5.0,7.479631572685258e-06,0.001,0.01134579815698089,14.831899404525757
259.0,57.0,5.0,7.4048352569584066e-06,0.001,0.012050971330609173,21.15478277206421
260.0,42.0,5.0,7.330786904388821e-06,0.001,0.011601459336816333,15.714913606643677
261.0,49.0,5.0,7.257479035344933e-06,0.001,0.012990647403057665,17.8777916431427
262.0,40.0,5.0,7.1849042449914836e-06,0.001,0.011942247379920445,14.554410219192505
263.0,39.0,5.0,7.113055202541569e-06,0.001,0.01123689925589133,13.920826196670532
264.0,36.0,5.0,7.041924650516153e-06,0.001,0.01210435846587643,12.963746309280396
265.0,40.0,5.0,6.971505404010992e-06,0.001,0.013436185516184196,14.34369158744812
266.0,44.0,5.0,6.901790349970881e-06,0.001,0.012588012490596157,15.247320413589478
267.0,30.0,5.0,6.8327724464711725e-06,0.001,0.012523201367002912,10.450669527053833
268.0,33.0,5.0,6.7644447220064605e-06,0.001,0.014629494660766795,11.320780277252197
269.0,33.0,5.0,6.696800274786396e-06,0.001,0.013389092142460868,11.135697603225708
270.0,64.0,5.0,6.629832272038531e-06,0.001,0.012597127148183063,23.075345754623413
271.0,42.0,5.0,6.563533949318147e-06,0.001,0.013643017213325948,15.673584222793579
272.0,88.0,5.0,6.497898609824965e-06,0.001,0.012107521382858977,33.033674478530884
273.0,33.0,5.0,6.432919623726716e-06,0.001,0.01292799788643606,12.260839939117432
274.0,39.0,5.0,6.368590427489449e-06,0.001,0.011955565511016175,14.59608769416809
275.0,44.0,5.0,6.304904523214554e-06,0.001,0.01235575032478664,16.235579013824463
276.0,62.0,5.0,6.241855477982409e-06,0.001,0.012623899237951264,22.750572443008423
277.0,57.0,5.0,6.179436923202584e-06,0.001,0.013195047213230282,20.447266578674316
278.0,46.0,5.0,6.1176425539705585e-06,0.001,0.011166820142534561,16.617483139038086
279.0,43.0,5.0,6.056466128430853e-06,0.001,0.013280981569550931,15.051408767700195
280.0,40.0,5.0,5.995901467146544e-06,0.001,0.01168719153793063,13.933323621749878
281.0,44.0,5.0,5.935942452475079e-06,0.001,0.012638839514693245,16.24930691719055
282.0,43.0,5.0,5.876583027950328e-06,0.001,0.01167457809788175,14.822013139724731
283.0,42.0,5.0,5.817817197670825e-06,0.001,0.011501164030050859,14.60184097290039
284.0,30.0,5.0,5.759639025694117e-06,0.001,0.012608873927092645,10.4505033493042
285.0,61.0,5.0,5.702042635437175e-06,0.001,0.0119958417781163,21.643028259277344
286.0,41.0,5.0,5.645022209082803e-06,0.001,0.013339678102056496,16.148123025894165
287.0,37.0,5.0,5.588571986991975e-06,0.001,0.012356732448097318,14.18388819694519
288.0,78.0,5.0,5.532686267122055e-06,0.001,0.012779116543242708,29.535613775253296
289.0,42.0,5.0,5.477359404450835e-06,0.001,0.013699687347980216,16.033607482910156
290.0,42.0,5.0,5.422585810406326e-06,0.001,0.012524026969913393,15.619838237762451
291.0,30.0,5.0,5.368359952302263e-06,0.001,0.011440171365393326,11.335631847381592
292.0,28.0,5.0,5.3146763527792406e-06,0.001,0.011941504541027825,10.426725387573242
293.0,54.0,5.0,5.261529589251448e-06,0.001,0.012494430535298306,20.412554025650024
294.0,36.0,5.0,5.208914293358933e-06,0.001,0.013340800724108703,13.767544031143188
295.0,42.0,5.0,5.156825150425345e-06,0.001,0.012182773309177719,15.552634239196777
296.0,35.0,5.0,5.10525689892109e-06,0.001,0.013683126133400947,12.885088920593262
297.0,47.0,5.0,5.05420432993188e-06,0.001,0.011915736497030593,18.921568155288696
298.0,48.0,5.0,5.003662286632561e-06,0.001,0.011965352823608555,17.341410875320435
299.0,44.0,5.0,4.953625663766235e-06,0.001,0.014118369959760457,15.638287544250488
